{"cameraMode":{"drawMode":0,"name":"Shaded","section":"Shading Mode"},"sceneLighting":false,"audioPlay":false,"sceneViewState":{"m_AlwaysRefresh":true,"showFog":true,"showSkybox":false,"showFlares":true,"showImageEffects":true,"showParticleSystems":true,"showVisualEffectGraphs":true,"m_FxEnabled":true},"in2DMode":false,"pivot":{"x":-0.794835090637207,"y":1.1844220161437989,"z":-0.3297341465950012},"rotation":{"x":0.005176750011742115,"y":-0.9882755279541016,"z":0.14875482022762299,"w":0.03440171852707863},"size":0.7739443182945252,"orthographic":false}