{"cameraMode":{"drawMode":0,"name":"Shaded","section":"Shading Mode"},"sceneLighting":false,"audioPlay":false,"sceneViewState":{"m_AlwaysRefresh":true,"showFog":true,"showSkybox":false,"showFlares":true,"showImageEffects":true,"showParticleSystems":true,"showVisualEffectGraphs":true,"m_FxEnabled":true},"in2DMode":false,"pivot":{"x":0.021797895431518556,"y":0.8842692971229553,"z":-0.10484442114830017},"rotation":{"x":0.2331252545118332,"y":-0.691450834274292,"z":0.25388985872268679,"w":0.634911835193634},"size":1.4526011943817139,"orthographic":false}