{"cameraMode":{"drawMode":0,"name":"Shaded","section":"Shading Mode"},"sceneLighting":true,"audioPlay":false,"sceneViewState":{"m_AlwaysRefresh":true,"showFog":true,"showSkybox":true,"showFlares":true,"showImageEffects":true,"showParticleSystems":true,"showVisualEffectGraphs":true,"m_FxEnabled":true},"in2DMode":false,"pivot":{"x":6.930421829223633,"y":-0.5113487243652344,"z":-14.690929412841797},"rotation":{"x":-0.027709994465112687,"y":-0.9696049094200134,"z":0.1311006098985672,"w":-0.20484288036823274},"size":15.16736888885498,"orthographic":false}